Organization Name,Networks Shared With Me,Networks I'm Sharing
Solano County CA SO,"Solano County CA SO,Solano County CA SO (Condor),Solano County CA SO (Homeacres)",Los Altos CA PD
Sequoias Community College District CA PD,Sequoias Community College District (CA),Los Altos CA PD
Marysville CA PD,Marysville CA PD,
Modoc County CA SO,"Modoc County CA SO (Flex),Modoc County CA SO",
West Sacramento CA PD,West Sacramento CA PD,
Pacifica CA PD,Pacifica CA PD,Los Altos CA PD
San Bernardino County CA SO,"City of Grand Terrace (SBSCO),City of Loma Linda (SBCSO),Chino Hills CA (San Bernardino County SO),City of Rancho Cucamonga CA,City of Twentynine Palms CA,City of Needles CA ",Los Altos CA PD
Union City CA PD,"Union City PD (WSIN Flex) ,Union City CA PD",Los Altos CA PD
Port Hueneme CA PD,Port Hueneme CA PD,
Hemet CA PD ,"Hemet CA PD Single Condor,Hemet CA PD - Condor,Hemet CA PD - Ravens,Hemet CA PD,Hemet CA PD - Business Partnerships",
OC Sheriff CA,"City of Lake Forest CA (OCSD),City of Stanton CA (OCSD),City of Mission Viejo CA,City of Dana Point CA (OCSD),City of San Juan Capistrano (OCSD),City of Rancho Santa Margarita (OCSD),City of San Clemente CA (OCSD),City of Yorba Linda CA (OCSD),City of Laguna Woods (OCSD),City of Laguna Niguel CA (OCSD) ,City of Laguna Hills CA (OCSD)",
Reedley CA PD,Reedley CA PD,
Sonoma County CA SO,"Sonoma County CA SO ,City of Sonoma CA ,Town of Windsor CA",Los Altos CA PD
Fremont CA PD,"Fremont CA PD ,City of Fremont (CA) - Environmental Services Department",
Whittier CA PD,Whittier CA PD,Los Altos CA PD
Brentwood CA PD,Brentwood CA PD,Los Altos CA PD
City of Lemoore CA,Lemoore CA PD,Los Altos CA PD
San Diego Harbor CA PD,San Diego Harbor CA PD,Los Altos CA PD
Oroville CA PD,"Oroville CA PD (Raven) ,Oroville CA PD",
Riverside County CA SO,"SW French Valley - County - RCSD,City of Eastvale (RCSD),Perris - County - RCSD,City of Wildomar CA - RCSD,City of Jurupa Valley CA - RCSD,City of Canyon Lake CA - RCSD,Moreno Valley - County - RCSD,City of Rancho Mirage CA - RCSD,City of Perris CA - RCSD,City of Lake Elsinore CA - RCSD,City of Rancho Mirage CA - RCSD (LR),Ben Clark Training Center - County - RCSD,Palm Desert Station - County - RCSD,Lake Matthews – County – RCSD,City of La Quinta CA - RCSD,Lake Elsinore Station - County - RCSD,Cabazon Station - County - RCSD,City of Calimesa - RCSD,City of Moreno Valley CA - RCSD,Thermal Station - County - RCSD,Hemet Station - County - RCSD,Winchester Trailer (CA),City of San Jacinto CA - RCSD,Jurupa Valley - County - RCSD,Riverside County CA SD,City of Palm Desert CA - RCSD,City of Temecula CA - RCSD,Southwest - County - RCSD,City of Norco CA - RCSD,Colorado River Station - County - RCSD",Los Altos CA PD
Tracy CA PD,"Tracy CA PD,Tracy CA PD - Trailers,Tracy CA PD (Condor)",
California State Parks,"Channel Coast District - CA State Parks ,Central Valley District - CA State Parks ,Monterey District - CA State Parks ,Great Basin District - CA State Parks,Inland Empire - CA State Parks,Gold Fields District - CA State Parks ,Angeles District - CA State Parks,Oceano Dunes District - CA State Parks ,San Diego Coastal District - CA State Parks ,Ocotillo - CA State Parks,Northern Buttes District - CA State Parks ,Bay Area District - CA State Parks,Colorado Desert District - CA State Parks ,Diablo Range District - CA State Parks ",Los Altos CA PD
Berkeley CA PD,Berkeley CA PD,
Calistoga CA PD,Calistoga CA PD,Los Altos CA PD
Mendocino County SO-CA,"Mendocino County CA SO,NCRIC - Mendocino County SO",
Belmont CA PD,"Belmont CA PD,Belmont CA PD - FLEX",Los Altos CA PD
Westmorland CA PD,Westmorland CA PD,
Escondido CA PD,Escondido CA PD,
Watsonville CA PD,Watsonville CA PD,Los Altos CA PD
Brawley CA PD,"Brawley CA PD,Brawley CA PD Raven",
Oakland CA PD,Oakland CA PD,
Greenfield CA PD,"Greenfield PD CA,Greenfield PD CA (Condors) ",Los Altos CA PD
Shafter PD CA,Shafter CA PD,Los Altos CA PD
Butte County CA SO,Butte County SO,Los Altos CA PD
Stallion Springs CA PD,Stallion Springs CA PD,Los Altos CA PD
Contra Costa County CA SO,"Contra Costa CA SO Bay Point,Contra Costa CA SO Alamo P2,City of Diablo CA,City of Orinda CA,Contra Costa County CA SO - Marsh Creek,Contra Costa CA SO Alamo P5",Los Altos CA PD
West Covina CA PD,"West Covina CA PD Flex,West Covina CA PD",Los Altos CA PD
Pleasanton CA PD,"Pleasanton CA PD Flex,Pleasanton CA PD",Los Altos CA PD
Fairfield CA PD,Fairfield CA PD,Los Altos CA PD
Ventura CA PD,"Ventura CA PD,Ventura CA PD Raven,Ventura CA PD - Public Works",Los Altos CA PD
Santa Monica CA PD,Santa Monica CA PD,Los Altos CA PD
Lompoc CA PD,"Santa Barbara Housing Authority (CA),Lompoc CA PD",Los Altos CA PD
City of Newman CA PD,Newman CA PD,
Escalon CA PD,Escalon CA PD,Los Altos CA PD
West Valley Mission College Dist Campus (CA),West Valley Mission College Dist Campus (CA),
Cal State San Bernadino CA PD,Cal State San Bernadino CA PD,
San Luis Obispo CA PD ,San Luis Obispo CA PD,Los Altos CA PD
McFarland CA PD,"McFarland CA PD,McFarland CA PD - Raven",Los Altos CA PD
Folsom CA PD,Folsom CA PD,Los Altos CA PD
Palm Springs CA PD,Palm Springs CA PD,Los Altos CA PD
Oceanside CA PD,Oceanside CA PD,Los Altos CA PD
Baldwin Park CA PD,Baldwin Park CA PD,
San Pasqual CA PD,San Pasqual CA PD,Los Altos CA PD
Port of Stockton CA PD,Port of Stockton CA PD ,
Menifee CA PD,"Menifee CA PD,Menifee CA PD - Condor",
Palo Alto CA PD,"Palo Alto CA PD Flex,Palo Alto CA PD",Los Altos CA PD
Oxnard CA PD ,Oxnard CA PD,
Suisun City CA PD ,Suisun City PD- CA,
Chula Vista CA PD,Chula Vista CA PD,Los Altos CA PD
Atherton CA PD,Atherton CA PD,
Campbell CA PD,Campbell CA PD,Los Altos CA PD
Piedmont CA PD,Piedmont CA PD,
Belvedere CA PD,Belvedere CA PD,Los Altos CA PD
Grass Valley CA PD,"Grass Valley CA PD Raven ,Grass Valley CA PD",Los Altos CA PD
Los Angeles County CA SD,"City of Paramount CA (LASD),City of La Canada-Flintridge CA (LASD)",
NCRIC,NCRIC,Los Altos CA PD
Nevada County CA SO,Nevada County CA SO,Los Altos CA PD
El Cajon CA PD,EL Cajon CA PD,Los Altos CA PD
Van Buren Neighborhood Los Altos (CA),Van Buren Neighborhood Los Altos (CA),
Imperial City CA PD,Imperial City CA PD,Los Altos CA PD
Foster City CA PD,Foster City CA PD,
CA Iipay Nation of Santa Ysabel,Iipay Nation of Santa Ysabel,
Azusa CA PD,Azusa CA PD,Los Altos CA PD
Hollister CA PD,Hollister CA PD,
"University of California, Berkeley","University of California, Berkeley",Los Altos CA PD
San Joaquin Delta College PD (CA),San Joaquin Delta College PD (CA),Los Altos CA PD
Fullerton CA PD,Fullerton CA PD,Los Altos CA PD
Ukiah CA PD,"Ukiah Flex (WSIN),Ukiah CA PD",Los Altos CA PD
San Gabriel CA PD,San Gabriel CA PD,Los Altos CA PD
Woodlake CA PD,Woodlake CA PD,Los Altos CA PD
Placentia CA PD,Placentia CA PD,
Sunnyvale CA PD,"Sunnyvale CA PD,Sunnyvale CA PD (FalconLR)",Los Altos CA PD
Burlingame  CA PD,"Burlingame CA PD,Burlingame CA PD - FLEX",Los Altos CA PD
Irwindale CA PD,"Irwindale CA PD,Irwindale PD - Flex",Los Altos CA PD
East Bay Parks CA PD,East Bay Parks CA PD ,Los Altos CA PD
Williams CA PD,Williams CA PD,Los Altos CA PD
Newport Beach PD CA,Newport Beach PD CA,Los Altos CA PD
Hillsborough CA PD,"Hillsborough CA PD (Flex),Hillsborough CA PD",Los Altos CA PD
Burbank CA PD,Burbank CA PD,
Grover Beach CA PD,Grover Beach CA PD,
Dixon CA PD,Dixon CA PD,Los Altos CA PD
Manteca CA PD,"Manteca CA PD - Condor,Manteca CA PD,Manteca CA PD (Falcon Flex) ",Los Altos CA PD
Porterville CA PD,Porterville CA PD,Los Altos CA PD
Willits CA PD,Willits CA PD,Los Altos CA PD
Alhambra CA PD,Alhambra CA PD,Los Altos CA PD
Emeryville CA PD,Emeryville CA PD,Los Altos CA PD
Visalia CA PD,"Visalia CA PD (LR),Visalia CA PD,Visalia CA PD (Flex)",Los Altos CA PD
Huntington Beach CA PD,Huntington Beach CA PD,
Cal Fire ,Cal-Fire Wing,Los Altos CA PD
Barstow CA PD,Barstow CA PD,
Carmel CA PD,Carmel CA PD,Los Altos CA PD
Fountain Valley CA PD,Fountain Valley CA PD,
Kern County CA SO ,"Kern County CA SO ,Kern County CA SO (Flex)",Los Altos CA PD
San Mateo County CA SO,"City of San Carlos (SMCSO),San Mateo County CA SO (Raven),City of San Carlos (SMCSO) (Flex),City of Millbrae CA,San Mateo County CA SO",
Tiburon CA PD,Tiburon CA PD ,Los Altos CA PD
Sausalito CA PD,Sausalito CA PD,
El Cerrito CA PD,El Cerrito CA PD,Los Altos CA PD
San Fernando CA PD,San Fernando CA PD,Los Altos CA PD
Ukiah Fire CA FD,Ukiah Fire CA FD,
Pasadena CA PD,Pasadena CA PD,Los Altos CA PD
Oakley CA PD,Oakley CA PD,Los Altos CA PD
Orange CA PD,Orange CA PD ,Los Altos CA PD
San Luis Obispo County (CA) Sheriff ,"San Luis Obispo County CA SO - Condor,San Luis Obispo County CA SO,San Luis Obispo County CA SO (LR),San Luis Obispo County CA SO",Los Altos CA PD
Santa Cruz CA PD,Santa Cruz CA PD,Los Altos CA PD
Woodland CA PD,Woodland CA PD,Los Altos CA PD
Cal State Fullerton (CA),Cal State Fullerton (CA),Los Altos CA PD
Cathedral City CA PD,Cathedral City CA PD,
Napa County CA SO,"Napa County CA SO (Flex),American Canyon CA PD",Los Altos CA PD
Gustine PD CA ,Gustine PD CA ,
El Monte CA PD,El Monte CA PD,Los Altos CA PD
Murrieta CA PD,Murrieta CA PD,Los Altos CA PD
Lodi CA PD,"Lodi CA PD,Lodi CA PD - Raven",Los Altos CA PD
South Pasadena CA PD,South Pasadena CA PD,Los Altos CA PD
San Bruno CA PD,San Bruno CA PD,Los Altos CA PD
Bakersfield CA PD,Bakersfield CA PD,Los Altos CA PD
Delano CA PD,Delano CA PD,Los Altos CA PD
Seaside CA PD,Seaside CA PD,Los Altos CA PD
Kings County Sheriff's Office CA ,Kings County Sheriff's Office CA,Los Altos CA PD
Cerritos College CA PD,"Cerritos College CA PD - Condor,Cerritos College CA PD",Los Altos CA PD
Bishop CA PD ,"Bishop CA PD ,Bishop CA PD - Condor",Los Altos CA PD
Newark CA PD ,"Newark CA PD,Newark CA PD (Flex)",
Lake County CA SO,Lake County CA Sheriff,
Westminster CA PD,"Westminster CA PD,Westminster CA PD (Flex),Westminster CA PD - Wing",Los Altos CA PD
Lassen County SO (CA),Lassen County SO (CA),
Seal Beach CA PD ,Seal Beach CA PD,Los Altos CA PD
Clayton CA PD,Clayton CA PD,Los Altos CA PD
El Segundo CA PD,El Segundo CA PD,Los Altos CA PD
Menlo Park CA PD,Menlo Park CA PD,
Yuba City CA PD,Yuba City CA PD,Los Altos CA PD
Imperial County CA SO,Imperial County CA SO,Los Altos CA PD
Simi Valley CA PD,Simi Valley CA PD,Los Altos CA PD
Pleasant Hill CA PD,"Pleasant Hill CA PD,Pleasant Hill CA PD (Condor)",Los Altos CA PD
Alameda County CA SO,Alameda County CA SO,
Laguna Beach CA PD,Laguna Beach CA PD,Los Altos CA PD
Tulare CA PD ,"Tulare CA PD (LR),Tulare CA PD ,Tulare CA PD (Raven)",Los Altos CA PD
Sand City CA PD,Sand City CA PD,
Garden Grove CA PD,Garden Grove CA PD,
Tustin CA PD ,Tustin CA PD,Los Altos CA PD
Colma CA PD,"Holy Cross Cemetery (CA),Colma CA PD",Los Altos CA PD
Yolo County CA SO,"Yolo County CA SO (Flex),Yolo County CA SO",
Lindsay Public Safety Department CA,Lindsay Public Safety Department CA,
Livingston CA PD,"Livingston CA PD,Livingston CA PD (WSIN FLEX CAMERA)",
Beaumont CA PD,Beaumont CA PD,
Danville CA PD,Danville CA PD,Los Altos CA PD
San Joaquin County CA SO,San Joaquin County CA SO,Los Altos CA PD
Hercules CA PD,Hercules CA PD,Los Altos CA PD
Gilroy CA PD,"Gilroy CA PD - Condor,Gilroy CA PD",Los Altos CA PD
Buena Park CA PD,Buena Park CA PD,Los Altos CA PD
Petaluma CA PD,Petaluma CA PD,Los Altos CA PD
Los Alamitos PD CA,Los Alamitos PD CA,Los Altos CA PD
Auburn CA PD,Auburn CA PD,
Los Angeles Port Police CA,Port of Los Angeles CA PD,
Calexico CA PD,Calexico CA PD,Los Altos CA PD
Lakeport CA PD,Lakeport CA PD,Los Altos CA PD
Central Marin CA PD,Central Marin CA PD,Los Altos CA PD
Rio Hondo College PD CA,Rio Hondo College CA PD,Los Altos CA PD
Marin County CA SO,Marin County CA SO,Los Altos CA PD
Corona CA PD,"Corona CA PD,Corona CA PD (DFR)",Los Altos CA PD
Glendora (CA) PD,Glendora (CA) PD,Los Altos CA PD
Atwater CA PD,Atwater CA PD,
Beverly Hills CA PD,BHPD Trailer,
Hanford CA PD,Hanford CA PD,
San Rafael CA PD,"San Rafael CA PD - FLEX,San Rafael CA PD",Los Altos CA PD
Cloverdale CA PD,Cloverdale CA PD,Los Altos CA PD
Anaheim CA PD,Anaheim CA PD,
Livermore CA PD,Livermore CA PD,
Tehachapi CA PD,Tehachapi CA PD,Los Altos CA PD
Montclair CA PD,Montclair CA PD,Los Altos CA PD
Bell CA PD,Bell CA PD,Los Altos CA PD
Downey PD CA,Downey CA PD,Los Altos CA PD
Ridgecrest CA PD,Ridgecrest CA PD,Los Altos CA PD
San Francisco CA PD,"San Francisco CA PD,San Francisco CA PD (LPR Flex)",Los Altos CA PD
Kings County CA DAs Office,Kings County CA DAs Office,
San Mateo CA PD,"San Mateo CA PD (Flex),San Mateo CA PD",Los Altos CA PD
Rialto PD CA,Rialto CA PD,
Dublin CA PD (ACSO),City of Dublin CA,Los Altos CA PD
Santa Rosa CA PD,Santa Rosa CA PD,Los Altos CA PD
Brisbane CA PD,Brisbane CA PD,
Anderson CA PD,Anderson City CA PD,
Coronado CA PD,Coronado CA PD,Los Altos CA PD
Hayward CA PD,Hayward CA PD,
Wheatland CA PD,Wheatland CA PD,Los Altos CA PD
Amador County CA Sheriff's Office,Amador County CA SO ,
La Habra CA PD,La Habra CA PD,Los Altos CA PD
Humboldt County CA SO,Humboldt County CA SO,Los Altos CA PD
Rio Vista CA PD,Rio Vista CA PD,Los Altos CA PD
LASD CA - San Dimas Station,City of San Dimas CA (LASD),
CA - Wasco PD ,Wasco CA PD,
Rohnert Park Department of Public Safety (CA),Rohnert Park Department of Public Safety (CA),Los Altos CA PD
Galt CA PD,Galt CA PD,Los Altos CA PD
Soledad CA PD,Soledad CA PD,Los Altos CA PD
Monterey County CA SO,"Monterey County CA SO - Chualar,Monterey County CA SO",Los Altos CA PD
Lathrop CA PD ,"Lathrop CA PD (Condor),Lathrop CA PD",
Citrus Heights CA PD,Citrus Heights CA PD - LPR,Los Altos CA PD
Mendota CA PD,Mendota CA PD,
Yuba County Sheriffs Office,Yuba County CA SO,
Redwood City CA PD,Redwood City CA PD,Los Altos CA PD
Concord CA PD,Concord CA PD,Los Altos CA PD
Bell Gardens CA PD,Bell Gardens CA PD,
Novato CA PD,Novato CA PD,Los Altos CA PD
Fontana CA PD,Fontana CA PD,Los Altos CA PD
Desert Hot Springs CA PD,Desert Hot Springs CA PD,Los Altos CA PD
Sutter County CA SO ,Sutter County CA SO,Los Altos CA PD
Redlands CA PD,Redlands CA PD,
Salinas CA PD,Salinas CA PD,Los Altos CA PD
Arcadia CA PD,Arcadia CA PD,Los Altos CA PD
Milpitas CA PD,Milpitas CA PD,
San Bernardino CA PD,San Bernardino CA PD,Los Altos CA PD
East Palo Alto CA PD,"East Palo Alto CA PD (Condor),East Palo Alto CA PD",Los Altos CA PD
Fort Bragg CA PD,Fort Bragg CA PD,
San Jose CA PD,San Jose CA PD,
Cypress CA PD,Cypress CA PD,Los Altos CA PD
Napa CA PD,Napa CA PD,Los Altos CA PD
Daly City CA PD,Daly City CA PD,Los Altos CA PD
Stockton CA PD,Stockton CA PD,Los Altos CA PD
Blue Lake Rancheria Tribal PD,Blue Lake Rancheria Tribal PD,
Santa Paula CA PD,Santa Paula CA PD,
Foothill-DeAnza CA PD,Foothill-DeAnza CA PD,Los Altos CA PD
Capitola CA PD,Capitola CA PD,Los Altos CA PD
Santa Clara CA PD,Santa Clara CA PD,Los Altos CA PD
Santa Barbara County CA SO,Santa Barbara County CA SO,Los Altos CA PD
San Ramon CA PD,San Ramon CA PD,
Monterey Park CA PD,Monterey Park CA PD,
Mountain View CA PD (Santa Clara County),Mountain View CA PD,Los Altos CA PD
Indio CA PD,Indio CA PD,
Turlock CA PD,"Turlock CA PD/Condors,Turlock CA PD",Los Altos CA PD
Vernon CA PD,Vernon CA PD,
Albany CA PD,Albany CA PD,Los Altos CA PD
El Centro CA PD,El Centro CA PD,
San Leandro CA PD,San Leandro PD CA,Los Altos CA PD
Merced County CA SO,Merced County CA SO,Los Altos CA PD
Redondo Beach CA PD,Redondo Beach CA PD,Los Altos CA PD
Chino CA PD ,Chino CA PD,Los Altos CA PD
Upland CA PD ,Upland (CA) PD,Los Altos CA PD
Monrovia CA PD,Monrovia CA PD,
Fowler CA PD,Fowler CA PD,
California Highway Patrol,California Highway Patrol,Los Altos CA PD
Marina CA PD,Marina CA PD,Los Altos CA PD
La Mesa CA PD,La Mesa CA PD,
Placer County CA SO,Placer County CA SO,Los Altos CA PD
Los Gatos Monte Sereno PD - CA,Los Gatos CA PD,Los Altos CA PD
La Verne CA PD,La Verne CA PD,
South Gate CA PD,South Gate CA PD,
Angels Camp CA PD,"Angels Camp CA PD,Angels Camp CA PD (LR)",Los Altos CA PD
Taft CA PD,Taft CA PD,
National City CA PD,National City CA PD,Los Altos CA PD
City of Riverside CA PD ,City of Riverside CA PD ,
Madera County SO CA ,Madera County SO CA,
Vacaville CA PD,"Vacaville CA PD,Vacaville CA PD - Wing",Los Altos CA PD
Loma Linda Healthcare System CA Veterans Affairs PD [Federal],Loma Linda Healthcare System CA Veterans Affairs PD - LPR,
Colton CA PD ,Colton CA PD,Los Altos CA PD
Covina CA PD,Covina CA PD,
Lincoln CA PD,Lincoln CA PD,Los Altos CA PD
Ontario CA PD,Ontario CA PD,
Morgan Hill CA PD,Morgan Hill CA PD,
Dinuba CA PD,Dinuba CA PD,Los Altos CA PD
San Pablo CA PD ,San Pablo CA PD,Los Altos CA PD
Vallejo CA PD,Vallejo CA PD,
Costa Mesa CA PD,Costa Mesa CA PD,Los Altos CA PD
California Department of Fish & Wildlife (CA),,Los Altos CA PD
California Department of Corrections,,Los Altos CA PD
Moraga CA PD,,Los Altos CA PD
Del Norte County CA SO,,Los Altos CA PD
Monterey County District Attorney's Office,,Los Altos CA PD
Corcoran CA PD,,Los Altos CA PD
Bear Valley Springs CA PD,,Los Altos CA PD
Benicia CA PD,,Los Altos CA PD
Tulare County CA SO,,Los Altos CA PD
San Francisco District Attorney CA,,Los Altos CA PD
Sacramento CA DA,,Los Altos CA PD
San Diego County CA SD,,Los Altos CA PD
Marin County CA DA,,Los Altos CA PD
Riverside County CA District Attorney,,Los Altos CA PD
Hermosa Beach PD CA,,Los Altos CA PD
Irvine CA PD,,Los Altos CA PD
Avenal CA PD,,Los Altos CA PD
Sacramento CA PD,,Los Altos CA PD
Kingsburg CA PD ,,Los Altos CA PD
Antioch CA PD,,Los Altos CA PD
Mill Valley CA PD,,Los Altos CA PD
Fresno CA PD,,Los Altos CA PD
Elk Grove CA PD,,Los Altos CA PD
Orange County (CA) DA Office ,,Los Altos CA PD
Santa Ana CA PD,,Los Altos CA PD
Carlsbad CA PD,,Los Altos CA PD
Los Angeles CA PD,,Los Altos CA PD
Monterey CA PD,,Los Altos CA PD
Stanford University CA PD,,Los Altos CA PD
San Diego CA PD,,Los Altos CA PD
